year,land,fpv_fresh,fpv_saline,land_mitigated,fpv_fresh_mitigated,fpv_saline_mitigated
1,1607.873,1634.312,1590.325,1607.873,1634.312,1590.325
2,1593.755,1620.627,1571.840,1596.644,1623.223,1577.148
3,1579.761,1607.056,1553.570,1585.494,1612.208,1564.079
4,1565.890,1593.599,1535.513,1574.422,1601.268,1551.119
5,1552.141,1580.254,1517.665,1563.427,1590.402,1538.267
6,1538.513,1567.021,1500.024,1552.509,1579.610,1525.520
7,1525.004,1553.899,1482.589,1541.667,1568.891,1512.880
8,1511.614,1540.887,1465.356,1530.901,1558.245,1500.344
9,1498.342,1527.984,1448.324,1520.210,1547.672,1487.912
10,1485.186,1515.189,1431.489,1509.594,1537.170,1475.583
11,1472.145,1502.501,1414.851,1499.052,1526.739,1463.356
12,1459.219,1489.919,1398.405,1488.583,1516.379,1451.231
13,1446.407,1477.443,1382.151,1478.188,1506.089,1439.205
14,1433.707,1465.071,1366.086,1467.865,1495.869,1427.280
15,1421.118,1452.802,1350.207,1457.615,1485.719,1415.454
16,1408.640,1440.637,1334.513,1447.435,1475.637,1403.725
17,1396.272,1428.573,1319.002,1437.327,1465.624,1392.094
18,1384.012,1416.610,1303.670,1427.290,1455.679,1380.559
19,1371.860,1404.748,1288.517,1417.323,1445.801,1369.119
20,1359.814,1392.985,1273.540,1407.425,1435.990,1357.774
21,1347.875,1381.320,1258.738,1397.596,1426.246,1346.524
22,1336.040,1369.753,1244.107,1387.836,1416.568,1335.366
23,1324.309,1358.283,1229.646,1378.144,1406.956,1324.301
24,1312.681,1346.909,1215.353,1368.520,1397.408,1313.328
25,1301.155,1335.630,1201.227,1358.963,1387.926,1302.446
