scenario,month,energy_kwh,poa_kwh_m2,temp_module_daytime_mean,soiling_ratio,performance_ratio
land,2023-01-01,140430.2396,170.4799,39.2731,0.9563,0.8237
land,2023-02-01,146252.4418,179.8653,41.3452,0.9549,0.8131
land,2023-03-01,165731.0415,203.5841,41.8707,0.9625,0.8141
land,2023-04-01,149126.1314,186.1168,41.6973,0.9514,0.8013
land,2023-05-01,156583.5027,193.9406,42.0950,0.9618,0.8074
land,2023-06-01,111241.4591,135.8438,38.6905,0.9684,0.8189
land,2023-07-01,115996.0126,139.8649,37.3542,0.9781,0.8293
land,2023-08-01,120314.0592,144.6615,37.0295,0.9787,0.8317
land,2023-09-01,103048.5132,124.6279,37.5732,0.9780,0.8268
land,2023-10-01,126322.4261,151.1522,38.3490,0.9806,0.8357
land,2023-11-01,130576.8997,159.3930,39.0049,0.9536,0.8192
land,2023-12-01,142250.1384,173.0271,39.6301,0.9534,0.8221
fpv_fresh,2023-01-01,140963.0212,166.3875,35.3694,0.9855,0.8472
fpv_fresh,2023-02-01,148284.4815,176.6203,37.2217,0.9850,0.8396
fpv_fresh,2023-03-01,168897.6309,202.3267,38.1999,0.9872,0.8348
fpv_fresh,2023-04-01,154473.2288,187.0428,38.7391,0.9829,0.8259
fpv_fresh,2023-05-01,162380.0926,196.5987,39.3339,0.9862,0.8259
fpv_fresh,2023-06-01,113880.7142,137.3362,36.7909,0.9883,0.8292
fpv_fresh,2023-07-01,118118.1993,141.4210,35.4087,0.9916,0.8352
fpv_fresh,2023-08-01,122135.3530,145.7119,34.8771,0.9921,0.8382
fpv_fresh,2023-09-01,104247.4698,124.8886,35.2994,0.9919,0.8347
fpv_fresh,2023-10-01,126581.8838,150.0267,35.4453,0.9931,0.8437
fpv_fresh,2023-11-01,131786.6770,156.2374,35.5431,0.9845,0.8435
fpv_fresh,2023-12-01,142563.7049,168.2092,35.5075,0.9846,0.8475
fpv_saline,2023-01-01,136973.9934,166.3875,35.0023,0.9636,0.8232
fpv_saline,2023-02-01,144210.9402,176.6203,36.8154,0.9642,0.8165
fpv_saline,2023-03-01,164803.5488,202.3267,37.8185,0.9696,0.8145
fpv_saline,2023-04-01,148437.9120,187.0428,38.4027,0.9509,0.7936
fpv_saline,2023-05-01,157208.9416,196.5987,39.0001,0.9616,0.7996
fpv_saline,2023-06-01,110934.6326,137.3362,36.5453,0.9694,0.8078
fpv_saline,2023-07-01,115485.9709,141.4210,35.1609,0.9780,0.8166
fpv_saline,2023-08-01,119667.5152,145.7119,34.6279,0.9794,0.8213
fpv_saline,2023-09-01,101995.5989,124.8886,35.0661,0.9792,0.8167
fpv_saline,2023-10-01,124434.4218,150.0267,35.1703,0.9834,0.8294
fpv_saline,2023-11-01,127742.6142,156.2374,35.2205,0.9607,0.8176
fpv_saline,2023-12-01,138429.2534,168.2092,35.1391,0.9617,0.8230
