dewpoint_offset,salinity,specific_yield_kwh_kwp,deg_total_pct_yr,lifetime_energy_mwh,lcoe_inr_kwh,time_of_wetness_h
0.0000,0.2500,1624.5270,0.8428,36759.0885,4.2383,3030.0000
0.0000,0.5000,1612.1656,0.9099,36195.7239,4.2924,3030.0000
0.0000,1.0000,1587.5445,0.9914,35306.9426,4.3858,3030.0000
0.0000,1.5000,1562.9309,1.0457,34541.7527,4.4730,3030.0000
0.0000,2.0000,1538.3057,1.0887,33828.8177,4.5592,3030.0000
0.5000,0.2500,1624.3413,0.9077,36478.5031,4.2595,3688.0000
0.5000,0.5000,1611.9803,0.9819,35889.9703,4.3162,3688.0000
0.5000,1.0000,1587.3597,1.0742,34965.8888,4.4136,3688.0000
0.5000,1.5000,1562.7466,1.1377,34172.3448,4.5044,3688.0000
0.5000,2.0000,1538.1219,1.1889,33435.9723,4.5940,3688.0000
1.0000,0.2500,1624.1091,0.9732,36196.7537,4.2812,4361.0000
1.0000,0.5000,1611.7494,1.0545,35584.3301,4.3404,4361.0000
1.0000,1.0000,1587.1309,1.1578,34625.0344,4.4418,4361.0000
1.0000,1.5000,1562.5198,1.2308,33803.0042,4.5363,4361.0000
1.0000,2.0000,1537.8972,1.2904,33043.3101,4.6293,4361.0000
1.5000,0.2500,1623.9533,1.0352,35933.9573,4.3015,4967.0000
1.5000,0.5000,1611.5948,1.1225,35302.5271,4.3629,4967.0000
1.5000,1.0000,1586.9785,1.2355,34313.3475,4.4680,4967.0000
1.5000,1.5000,1562.3697,1.3170,33466.7419,4.5658,4967.0000
1.5000,2.0000,1537.7493,1.3842,32687.0378,4.6620,4967.0000
2.0000,0.2500,1623.6420,1.0962,35674.4067,4.3220,5590.0000
2.0000,0.5000,1611.2856,1.1897,35023.3589,4.3856,5590.0000
2.0000,1.0000,1586.6735,1.3130,34002.9015,4.4946,5590.0000
2.0000,1.5000,1562.0689,1.4034,33131.1149,4.5959,5590.0000
2.0000,2.0000,1537.4527,1.4784,32331.1948,4.6953,5590.0000
2.5000,0.2500,1623.3354,1.1536,35432.3550,4.3414,6169.0000
2.5000,0.5000,1610.9812,1.2527,34763.6699,4.4070,6169.0000
2.5000,1.0000,1586.3733,1.3858,33714.5500,4.5196,6169.0000
2.5000,1.5000,1561.7730,1.4845,32819.9492,4.6242,6169.0000
2.5000,2.0000,1537.1611,1.5667,32001.8901,4.7267,6169.0000
