n,output,p2.5,median,p97.5,se_p2.5,se_median,se_p97.5,p_positive
250,fpv_fresh:d_lifetime_energy_mwh_pct,-3.8305,1.3552,6.0669,0.70701,0.15755,0.29569,0.74
250,fpv_saline:d_lifetime_energy_mwh_pct,-11.956,-4.9754,0.63551,1.2351,0.22391,0.32162,0.048
250,fpv_saline_mitigated:d_lifetime_energy_mwh_pct,-8.167,-1.5247,3.4945,0.70311,0.18452,0.38345,0.252
250,fpv_fresh:d_specific_yield_kwh_kwp_pct,-2.1399,1.1195,5.143,0.32871,0.13451,0.1833,0.772
500,fpv_fresh:d_lifetime_energy_mwh_pct,-4.1353,1.4828,6.0324,0.35087,0.11804,0.1854,0.748
500,fpv_saline:d_lifetime_energy_mwh_pct,-11.799,-5.077,0.69458,0.40124,0.19211,0.32094,0.046
500,fpv_saline_mitigated:d_lifetime_energy_mwh_pct,-7.1491,-1.5708,3.7507,0.32339,0.11645,0.23193,0.266
500,fpv_fresh:d_specific_yield_kwh_kwp_pct,-2.0703,1.2217,5.135,0.18271,0.1116,0.13703,0.776
1000,fpv_fresh:d_lifetime_energy_mwh_pct,-3.5662,1.4856,6.3331,0.29634,0.094468,0.17456,0.75
1000,fpv_saline:d_lifetime_energy_mwh_pct,-11.5,-5.0773,0.70549,0.2905,0.1147,0.26024,0.043
1000,fpv_saline_mitigated:d_lifetime_energy_mwh_pct,-6.9581,-1.56,3.7845,0.17386,0.092075,0.2193,0.272
1000,fpv_fresh:d_specific_yield_kwh_kwp_pct,-1.6724,1.2057,5.2508,0.13989,0.073039,0.16396,0.775
2000,fpv_fresh:d_lifetime_energy_mwh_pct,-3.5879,1.4006,6.2795,0.20427,0.067389,0.15633,0.734
2000,fpv_saline:d_lifetime_energy_mwh_pct,-11.109,-5.1713,0.55687,0.21158,0.076891,0.20852,0.037
2000,fpv_saline_mitigated:d_lifetime_energy_mwh_pct,-6.8876,-1.6646,3.6692,0.11066,0.07866,0.13785,0.2645
2000,fpv_fresh:d_specific_yield_kwh_kwp_pct,-1.8381,1.0967,5.2233,0.077686,0.06972,0.085161,0.7485
5000,fpv_fresh:d_lifetime_energy_mwh_pct,-3.5473,1.4194,6.3351,0.10249,0.039827,0.081134,0.7394
5000,fpv_saline:d_lifetime_energy_mwh_pct,-11.221,-5.1174,0.4501,0.17363,0.04989,0.093174,0.0378
5000,fpv_saline_mitigated:d_lifetime_energy_mwh_pct,-7.0015,-1.6496,3.6513,0.1006,0.048808,0.10616,0.266
5000,fpv_fresh:d_specific_yield_kwh_kwp_pct,-1.7403,1.1122,5.2474,0.05023,0.039711,0.051514,0.7526
