seed,scenario,specific_yield_kwh_kwp,lifetime_energy_mwh,deg_total_pct_yr,temp_module_daytime_mean
1,land,1573.1560,35226.1419,0.9327,38.5708
1,fpv_fresh,1599.6779,35982.4852,0.8938,35.8991
1,fpv_saline,1548.6409,33426.3415,1.2506,35.5934
2,land,1603.2860,35787.4243,0.9600,38.4586
2,fpv_fresh,1629.1320,36572.8552,0.9108,35.7097
2,fpv_saline,1580.1932,33993.9231,1.2797,35.3996
3,land,1619.3658,36250.2392,0.9353,39.0365
3,fpv_fresh,1648.1126,37073.3254,0.8935,36.2730
3,fpv_saline,1594.9109,34464.0290,1.2408,35.9579
4,land,1621.0516,36228.5228,0.9494,39.1108
4,fpv_fresh,1649.8059,37076.5373,0.9016,36.2964
4,fpv_saline,1596.7613,34444.5406,1.2558,35.9808
5,land,1640.6182,36691.9720,0.9432,39.1317
5,fpv_fresh,1666.2730,37459.7436,0.8986,36.3062
5,fpv_saline,1615.8776,34860.5728,1.2549,35.9891
6,land,1626.7264,36370.4319,0.9458,39.0351
6,fpv_fresh,1654.0637,37173.3713,0.9013,36.2381
6,fpv_saline,1601.1098,34533.4935,1.2570,35.9235
7,land,1602.0737,35886.2712,0.9297,38.7048
7,fpv_fresh,1627.5158,36628.2827,0.8892,35.9873
7,fpv_saline,1579.2960,34124.1640,1.2414,35.6778
8,land,1573.0638,35186.1499,0.9420,38.4879
8,fpv_fresh,1596.4932,35887.6785,0.8994,35.7909
8,fpv_saline,1548.0786,33373.3626,1.2613,35.4868
9,land,1618.6036,36252.7777,0.9306,39.0766
9,fpv_fresh,1647.6746,37085.3169,0.8884,36.2940
9,fpv_saline,1593.9412,34467.0443,1.2347,35.9793
10,land,1601.5722,35827.2058,0.9412,38.7123
10,fpv_fresh,1627.4449,36593.9330,0.8969,35.9700
10,fpv_saline,1578.3930,34052.5828,1.2547,35.6611
11,land,1617.0321,36191.9846,0.9367,38.6789
11,fpv_fresh,1642.5546,36948.6230,0.8934,35.9399
11,fpv_saline,1592.7301,34376.2319,1.2511,35.6269
12,land,1638.4721,36639.0586,0.9444,38.9320
12,fpv_fresh,1663.6154,37394.0168,0.8999,36.1299
12,fpv_saline,1615.0836,34822.8311,1.2600,35.8137
13,land,1598.5305,35800.2028,0.9313,38.7462
13,fpv_fresh,1624.3750,36552.5570,0.8904,36.0208
13,fpv_saline,1573.8638,33999.3092,1.2433,35.7102
14,land,1583.2021,35473.5490,0.9273,38.7078
14,fpv_fresh,1607.8534,36187.2097,0.8889,35.9838
14,fpv_saline,1561.2798,33725.0354,1.2440,35.6765
15,land,1641.3133,36756.8466,0.9317,39.2020
15,fpv_fresh,1669.4257,37567.9967,0.8900,36.3918
15,fpv_saline,1616.4011,34952.0351,1.2349,36.0743
16,land,1590.9722,35627.1372,0.9322,38.7943
16,fpv_fresh,1616.5187,36376.8735,0.8901,36.0633
16,fpv_saline,1566.6540,33846.5381,1.2426,35.7556
17,land,1651.7174,36963.2439,0.9379,39.2319
17,fpv_fresh,1678.5271,37752.7465,0.8946,36.3912
17,fpv_saline,1629.9575,35191.4935,1.2482,36.0719
18,land,1652.1606,36911.0101,0.9523,38.9490
18,fpv_fresh,1679.3051,37732.2561,0.9032,36.1169
18,fpv_saline,1627.5584,35076.3688,1.2639,35.7971
19,land,1590.9702,35665.7500,0.9229,38.8077
19,fpv_fresh,1617.4653,36428.9288,0.8829,36.0794
19,fpv_saline,1566.2842,33878.7479,1.2322,35.7701
20,land,1584.4980,35427.3008,0.9456,38.6448
20,fpv_fresh,1609.5585,36178.1955,0.9001,35.8794
20,fpv_saline,1560.3893,33629.8536,1.2636,35.5720
